,time,altitude,ground_distance,mass,x_cg,true_airspeed,equivalent_airspeed,mach,d_vx_dt,density,exterior_temperature,gamma,alpha,delta_m,cl_wing,cl_htp,cl_aircraft,cd_aircraft,l_d_aircraft,delta_Cl,delta_Cd,delta_Cm,thrust (N),thrust_rate,engine_setting,tsfc (kg/s/N),fuel_flow (kg/s),energy_consumed (W*h),time step (s),name
0,0.0,0.0,0.0,3881.138595408462,6.146706162577479,51.95888888888889,51.95888888888889,0.1526876638538266,0.019575174183797624,1.2249908312142817,288.15,8.688014559389723,8.136813881162178,-7.2779970207879465,0.8413872887264798,0.014754216276907664,0.8561415050033875,0.05303653820474445,16.142484671573083,0.005482658841005465,-0.008719246081862746,-0.0008812487955869574,8148.966392950561,0.6249696881199434,2.0,9.165488842815644e-06,0.07468926055506801,262.19550523297136,13.473003469298392,sizing:main_route:climb
1,13.473003469298392,105.10344827586206,693.8993980670487,3880.1323067418843,6.146672587353962,52.22200233305067,51.95888888888889,0.1536430991174142,0.019482053839967695,1.2126780289136994,287.4668275862069,8.538360747788618,8.142045835597814,-7.2831361310489795,0.8418030843981064,0.014762592292918847,0.8565656766910252,0.053136475394290436,16.12010714551579,0.005422859492394794,-0.008652773994427288,-0.0008630118031723215,8052.400088559658,0.6202956435550053,2.0,9.183501424614574e-06,0.07394922768485414,263.6724674931947,13.639308487059706,sizing:main_route:climb
2,27.1123119563581,210.20689655172413,1400.2012255016784,3879.123690413111,6.146638918052915,52.48707895612712,51.95888888888889,0.15460680767253954,0.019386800855991603,1.2004601313403993,286.7836551724138,8.38994910038509,8.147153243896977,-7.288162374224364,0.8422078771375131,0.014770630133575685,0.8569785072710888,0.053235472182121484,16.097884965485385,0.005363378702036978,-0.008586381463618193,-0.0008450647131749956,7956.612994540917,0.6156431521591225,2.0,9.201702442835327e-06,0.07321438522856247,265.1929555734016,13.809770412566884,sizing:main_route:climb
3,40.92208236892498,315.31034482758616,2119.2381298822593,3878.112616562207,6.146605150210363,52.75413813521531,51.95888888888889,0.15557888112449042,0.019289379956387676,1.1883366304559377,286.10048275862067,8.242772863276963,8.152137419890117,-7.293076966021046,0.8426017892868803,0.014778332998702473,0.8573801222855828,0.05333353436992417,16.075816696091238,0.0053042193823222995,-0.008520071142584625,-0.0008274045305290753,7861.601855277156,0.6110121624470131,2.0,9.220094284961518e-06,0.07248471033648377,266.7586044946125,13.984547075481593,sizing:main_route:climb
4,54.906629444406576,420.41379310344826,2851.3557130855147,3877.098950718254,6.146571279199257,53.02319948557105,51.95888888888889,0.15655941231497028,0.019189755256848722,1.1763070197395138,285.41731034482757,8.096825355193227,8.156999646938814,-7.297881095368307,0.8429849403138137,0.01478570399316781,0.8577706443069815,0.05343066758040441,16.053900936502,0.00524538434074695,-0.00845384568778376,-0.000810028267952622,7767.363410579273,0.606402622898525,2.0,9.238679382332788e-06,0.0717601801964048,268.3711331298681,14.16380439786127,sizing:main_route:climb
5,69.07043384226785,525.5172413793103,3596.9131984162846,3876.0825535623967,6.146537300221102,53.29428286411528,51.95888888888889,0.15754849534179874,0.019087890252691746,1.1643707941870456,284.73413793103447,7.952099965728594,8.161741177636285,-7.302575924204171,0.8433574467856416,0.014792746125224354,0.8581501929108659,0.05352687725404542,16.032136319815095,0.005186876281435205,-0.008387707758406509,-0.0007929329461267027,7673.894395548697,0.6018144819410447,2.0,9.257460211293386e-06,0.07104077203245937,270.03234964169843,14.347716919545164,sizing:main_route:climb
6,83.41815076181301,630.6206896551723,4356.284141109291,3875.0632806755293,6.146503208297044,53.56740837300073,51.95888888888889,0.15854622557897458,0.018983747807065094,1.1525274503102383,284.05096551724137,7.808590153621462,8.16636323346533,-7.307162587226408,0.8437194223398029,0.014799462304685623,0.8585188846444886,0.053622168645619216,16.01052151244217,0.0051286978066204855,-0.00832166001579067,-0.000776115593874849,7581.191540430388,0.5972476879307634,2.0,9.276439294382663e-06,0.07032646310388989,271.74415734833326,14.53646836501072,sizing:main_route:climb
7,97.95461912682373,735.7241379310344,5129.857185627024,3874.0409822693964,6.146468998258355,53.8425963632397,51.95888888888889,0.15955269969710797,0.018877290138906894,1.1407764861356606,283.36779310344826,7.6662894450740415,8.170867004410932,-7.3116421916062695,0.8440709776500718,0.014805855340924948,0.8588768329909967,0.05371654682043201,15.989055213510266,0.005070851418084838,-0.008255705122820258,-0.0007595732483428105,7489.251570455614,0.5927021891326995,2.0,9.295619201570612e-06,0.06961723070372007,273.5085610585972,14.73025225556988,sizing:main_route:climb
8,112.68487138239361,840.8275862068965,5918.036873497384,3873.0155028997965,6.146434664736305,54.11986743839471,51.95888888888889,0.1605680156842304,0.018768478810649428,1.12911740120381,282.68462068965516,7.525191432113415,8.175253648524658,-7.316015816662029,0.844412220388358,0.01481192794069118,0.8592241483290491,0.05381001665028147,15.967736154278903,0.005013339518557014,-0.00818984574331007,-0.0007433029551785464,7398.071205673723,0.5881779336993916,2.0,9.315002551541042e-06,0.06891305215733304,275.3276739198077,14.929272571193977,sizing:main_route:climb
9,127.61414395358759,945.9310344827586,6721.244505788862,3871.9866811604265,6.146400202151328,54.399242458332765,51.95888888888889,0.16159227286698993,0.01865727471566343,1.1175496965681815,282.00144827586206,7.385289770992455,8.179524291437573,-7.320284513490308,0.8447432551817856,0.014817682705720217,0.8595609378875059,0.05390258280910263,15.946563097572946,0.004956164413067992,-0.008124084541374317,-0.0007273017687123305,7307.647160772071,0.5836748696481695,2.0,9.334592013024021e-06,0.06821390482094064,277.203724827792,15.133744466724693,sizing:main_route:climb
10,142.74788842031228,1051.0344827586207,7539.91906471387,3870.954349355789,6.146365604701455,54.680742543044786,51.95888888888889,0.16262557193223945,0.01854363806543601,1.1060728747943331,281.31827586206896,7.246578180629391,8.183680025818026,-7.324449304551807,0.8450641835647177,0.014823122130132815,0.8598873056948505,0.05399424976827553,15.925534837231496,0.004899328310264152,-0.00805842418077798,-0.000711566752136869,7217.976144883087,0.5791929448368642,2.0,9.35439030618183e-06,0.06751976607994604,279.1390664536202,15.343895047757883,sizing:main_route:climb
11,158.09178346807016,1156.1379310344828,8374.518199287397,3869.918333151409,6.146330866349937,54.96438907653142,51.95888888888889,0.16366801494902736,0.018427528376476158,1.0946864399589504,280.63510344827586,7.109050441085014,8.187721910770424,-7.328511183208553,0.8453751039253737,0.01482824859759864,0.8602033525229724,0.05408502179156706,15.90465019757273,0.00484283332367662,-0.007992867324269433,-0.000696094977687314,7129.054861377496,0.5747321069378536,2.0,9.37440020405003e-06,0.06683061334718106,281.13618394778865,15.559964212082292,sizing:main_route:climb
12,173.65174768015245,1261.2413793103447,9225.51928045386,3868.8784511994554,6.146295980812004,55.2502037107564,51.95888888888889,0.16471970539099745,0.018308904456941444,1.0833898976489094,279.95193103448275,6.972700392076473,8.19165097117059,-7.332471113208866,0.845676111446637,0.01483306437825252,0.8605091758248895,0.054174902929675,15.883908032875025,0.0047866814729463775,-0.007927416632892863,-0.0006808835268210557,7040.880007642495,0.5702923034102955,2.0,9.394624534037696e-06,0.0661464240610137,283.19770438953026,15.78220556322745,sizing:main_route:climb
13,189.4339532433799,1366.3448275862067,10093.420531636271,3867.834514737652,6.146260941540671,55.53820836966919,51.95888888888889,0.16578074815920857,0.01818772439297923,1.0721827549603344,279.26875862068965,6.837521931526628,8.195468196932822,-7.336330028116313,0.845967298040608,0.014837571625338566,0.8608048696659466,0.05426389701433958,15.8633072268745,0.004730874685003861,-0.007862074765278643,-0.0006659294903971468,6953.4482748436685,0.5658734814704054,2.0,9.415066179490147e-06,0.06546717568331473,285.3264070567522,16.01088740343434,sizing:main_route:climb
14,205.44484064681424,1471.4482758620688,10978.742241265687,3866.786327159166,6.146225741711502,55.82842525329775,51.95888888888889,0.1668512496053813,0.018063945534775715,1.0610645204976614,278.58558620689655,6.7035090141480325,8.19917454220339,-7.340088830678361,0.8462487522764254,0.014841772371561729,0.8610905246479871,0.05435200765198533,15.842846692279155,0.004675414795201993,-0.007796844376910082,-0.0006512299688552304,6866.756347669206,0.5614755880596088,2.0,9.435728081318168e-06,0.0647928456972721,287.5252346009876,16.246293814223634,sizing:main_route:climb
15,221.69113446103788,1576.551724137931,11882.028064524036,3865.733683550908,6.146190374206277,56.120876841913315,51.95888888888889,0.16793131755558163,0.017937524482305917,1.050034704372692,277.90241379310345,6.570655650060589,8.202770924474486,-7.343748392129617,0.8465205593008064,0.0148456685251252,0.8613662278259315,0.05443923821685047,15.822525370300177,0.004620303548400746,-0.007731728119364065,-0.000636782072393809,6780.800904054879,0.5570985698103866,2.0,9.456613239697343e-06,0.06412341160503708,289.797305221812,16.488725833711186,sizing:main_route:climb
16,238.17986029474906,1681.655172413793,12803.846422288841,3864.6763701974305,6.146154831595425,56.41558590026831,51.95888888888889,0.1690210613343507,0.01780841707077744,1.0390928182036516,277.21924137931035,6.438955903441982,8.206258223612073,-7.347309551424592,0.8467828007507122,0.014849261865423638,0.8616320626161359,0.05452559184355805,15.802342230200548,0.004565542600002349,-0.007666728639523687,-0.0006225829211476861,6695.578614888114,0.5527423730096113,2.0,9.477724715842653e-06,0.0634588509251926,292.1459259466095,16.738502740929817,sizing:main_route:climb
17,254.91836303567888,1786.7586206896551,13744.79200611558,3863.614164047283,6.146119106119109,56.71257548190922,51.95888888888889,0.17012059178929068,0.01767657835576092,1.02823837511424,276.53606896551725,6.308403891209986,8.209637280790401,-7.350773114394192,0.8470355546574752,0.014852554038360721,0.8618881086958359,0.05461107141907753,15.782296268861495,0.004511133516934377,-0.007601848578760089,-0.0006086296453644077,6611.086143689238,0.5484069435591561,2.0,9.499065633862835e-06,0.06279914119002522,294.5746071345888,16.995963458678574,sizing:main_route:climb
18,271.91432649435745,1891.8620689655172,14705.48739904473,3862.546832138381,6.146083189666883,57.011868933565324,51.95888888888889,0.171230021316115,0.017541962597999356,1.0174708897326872,275.85289655172414,6.1789937817358735,8.21290889732509,-7.35413985281902,0.8472788953416549,0.014855546551264129,0.862134441892919,0.05469567957402027,15.762386510367476,0.004457077778579202,-0.007537090572080993,-0.0005949193855795036,6527.320146267811,0.5440922269335331,2.0,9.520639182699515e-06,0.06214425994258124,297.08707833880993,17.261468087860862,sizing:main_route:climb
19,289.1757945822183,1996.9655172413793,15686.584823090863,3861.474130978538,6.146047073755738,57.31348989961556,51.95888888888889,0.17234946388417494,0.017404523247889072,1.0067898781908016,275.169724137931,6.05071979358803,8.216073833395757,-7.357410503412428,0.8475128932977938,0.014858240767355327,0.8623711340651491,0.05477941867320551,15.742612005610136,0.004403376777646444,-0.0074724572472426275,-0.0005814492927903037,6444.2772703517285,0.5397981681342721,2.0,9.542448618158345e-06,0.061494184733497076,299.68730567693785,17.535399587918107,sizing:main_route:climb
20,306.7111941701364,2102.0689655172414,16688.76802547723,3860.395805876903,6.146010749506405,57.6174623266346,51.95888888888889,0.17347903506247128,0.017264212929624153,0.996194858123018,274.4865517241379,5.9235761943050225,8.219132806648307,-7.36058576670525,0.8477376150681764,0.014860637899735976,0.8625982529679124,0.054862290805427864,15.722971831912098,0.004350031820986745,-0.007407951223821771,-0.0005682165286281345,6361.954155186514,0.535524711640763,2.0,9.56449726503629e-06,0.06084889311756768,302.379510880875,17.818165619849424,sizing:main_route:climb
21,324.52935978998585,2207.1724137931033,17712.754317041086,3859.31159022155,6.1459742076177495,57.923810468019816,51.95888888888889,0.17461885204616223,0.0171209834249963,0.985685348665448,273.8033793103448,5.797557299197388,8.222086490665633,-7.3636663058229646,0.8479531231045642,0.014862739004845457,0.8628158621094096,0.05494429777234797,15.703465092671404,0.004297044130342512,-0.007343575112244179,-0.0005552182655285904,6280.347431101907,0.5312718013572002,2.0,9.586788519354343e-06,0.060208362650044304,305.1681922177081,18.110200570471363,sizing:main_route:climb
22,342.6395603604572,2312.2758620689656,18759.296777775227,3858.221204697938,6.145937438339063,58.23255888870102,51.95888888888889,0.17576903368357794,0.016974785656842115,0.97526087045492,273.1202068965517,5.6726574701773265,8.224935513294348,-7.3666527451453305,0.8481594756167764,0.014864544975337957,0.8630240205921144,0.05502544107641992,15.684090917027588,0.004244414843032428,-0.007279331512764904,-0.0005424516868996452,6199.453719042535,0.5270393805552642,2.0,9.609325850701635e-06,0.05957257088262382,308.0581475000472,18.41196777905634,sizing:main_route:climb
23,361.05152813951355,2417.3793103448274,19829.186646216825,3857.1243564423316,6.145900431440032,58.543732469934376,51.95888888888889,0.17692970050375323,0.01682556967212886,0.9649209456280274,272.4370344827586,5.54887111461568,8.227680454813656,-7.369545668837203,0.848356726406851,0.014866056532322328,0.8632227829391733,0.05510572190775881,15.664848459550491,0.004192145012565351,-0.007215223014396239,-0.0005299139872872803,6119.2696300590915,0.5228273918121349,2.0,9.632112804700487e-06,0.05894149535910699,311.0544994333839,18.72396199035711,sizing:main_route:climb
24,379.77549012987066,2522.4827586206893,20923.255911376993,3856.0207381235728,6.145863176178179,58.857356414182405,51.95888888888889,0.17810097474448885,0.016673284624670374,0.9546650978201676,271.7538620689655,5.426192684225408,8.23032184593077,-7.372345619237692,0.8485449246873624,0.014867274216903134,0.8634121989042656,0.05518514112984024,15.645736899953183,0.004140235609179105,-0.007151252193777638,-0.0005176023725382912,6039.791764755951,0.5186357769433372,2.0,9.655153005601497e-06,0.05831511361069058,314.16272358216986,19.04671206133048,sizing:main_route:climb
25,398.82220219120114,2627.5862068965516,22042.38012815993,3854.9100269458063,6.145825661263466,59.17345625008177,51.95888888888889,0.17928298038095378,0.016517878757463942,0.9444928521645827,271.0706896551724,5.304616673970981,8.232860165585452,-7.375053095093751,0.848724114882308,0.014868198380948217,0.8635923132632563,0.05526369926391087,15.626755442830303,0.00408868752029829,-0.0070874216139819495,-0.0005055140599599192,5961.016712690733,0.5144644769299177,2.0,9.678450159018271e-06,0.057693403150852196,317.3886792758659,19.38078395271083,sizing:main_route:climb
26,418.20298614391197,2732.6896551724135,23187.481479792736,3853.791883563843,6.145787874819807,59.492057837500624,51.95888888888889,0.18047584315483953,0.016359299384639044,0.9344037352913961,270.38751724137927,5.184137621002979,8.235295838544031,-7.377668549621998,0.848894336408771,0.014868829177006507,0.8637631655857775,0.055341396471973565,15.607903317423718,0.004037501550905209,-0.00702373382325153,-0.0004936462784758692,5882.9410517207425,0.510313431839364,2.0,9.702008054814761e-06,0.05707634146979507,320.73864382207165,19.72678404103175,sizing:main_route:climb
27,437.9297701849437,2837.793103448276,24359.53211372644,3852.665950901816,6.145749804343138,59.81318737268742,51.95888888888889,0.18167969060407907,0.016197492873008423,0.9243972753266514,269.70434482758617,5.064750103617304,8.23762923276084,-7.380192388380881,0.8490556234373458,0.014869166547283985,0.8639247899846297,0.055418232538194945,15.58917977741715,0.003986678423816977,-0.006960191353656194,-0.0004819962687782987,5805.561347290505,0.5061825807395812,2.0,9.725830570156408e-06,0.05646390602839642,324.21935044706004,20.085362791865407,sizing:main_route:climb
28,458.0151329768091,2942.8965517241377,25559.5577808355,3851.53185286459,6.145711436655659,60.136871393513104,51.95888888888889,0.18289465209314285,0.016032404623211996,0.9144730018913444,269.02117241379307,4.946448740238377,8.239860656482143,-7.38262496693299,0.8492080046290552,0.014869210211576583,0.8640772148406318,0.0554942068485621,15.570584100762236,0.003936218779860363,-0.006896796719665549,-0.0004705612834752199,5728.874151653968,0.5020718616052011,2.0,9.74992167274037e-06,0.055856074251613125,327.8380304464619,20.45721884109861,sizing:main_route:climb
29,478.47235181790774,3048.0,26788.641811608886,3850.38919293002,6.145672757855836,60.46313678480851,51.95888888888889,0.18412085884392404,0.015863979050443282,0.9046304461004556,268.33799999999997,4.829228188425738,8.241990355064496,-7.384966588274595,0.8493515028461969,0.014868959654045957,0.8642204625002429,0.055569318368595154,15.552115589538248,0.0038861231779362933,-0.00683355241662554,-0.00045933858723279613,5652.876003024032,0.49798121121536104,2.0,9.774285424220383e-06,0.055252823521282975,325.4632440958448,20.45721884109861,sizing:main_route:climb
30,618.9623043528509,3048.0,38713.89728261665,3849.2588738276563,6.145634475585275,84.88333333333334,72.94434129149116,0.25848464148481276,0.0,0.9046304461004556,268.33799999999997,0.0,3.792375217804726,-3.1521651640933204,0.44154161871748926,0.005724920194515232,0.4472665389120045,0.035343522157258306,12.654837764100764,0.0005550676183407273,-0.0021933664761762165,-3.824157407671219e-05,2972.042329890982,0.36933176819887115,3.0,1.4881984384050194e-05,0.044229887542173746,2087.9642672632754,140.4899525349433,sizing:main_route:cruise
31,759.4522568877942,3048.0,50639.15275362441,3843.0450190262304,6.145423643880965,84.88333333333334,72.94434129149116,0.25848464148481276,0.0,0.9046304461004556,268.33799999999997,0.0,3.7848134932240223,-3.146002911418772,0.44085295309657563,0.005694269171206315,0.44654722226778193,0.03531618465540213,12.644265699281192,0.0005537777380285014,-0.0021923176208006032,-3.818383173570501e-05,2969.7233177042176,0.3691056759967463,3.0,1.4887874218267784e-05,0.04421286721703729,2087.0337233074524,140.4899525349431,sizing:main_route:cruise
32,899.9422094227373,3048.0,62564.40822463217,3836.833555409475,6.145212252855678,84.88333333333334,72.94434129149116,0.25848464148481276,0.0,0.9046304461004556,268.33799999999997,0.0,3.777254518659876,-3.1398426810830897,0.4401645399177084,0.005663632500752004,0.4458281724184604,0.03528890040427414,12.633665750731705,0.0005524903178111655,-0.0021912707332694533,-3.8126243636659594e-05,2967.4088650459257,0.368880062102722,3.0,1.4893761456131379e-05,0.04419587977880357,2086.109861229573,140.4899525349431,sizing:main_route:cruise
33,1040.4321619576804,3048.0,74489.66369563993,3830.624478357111,6.145000300169923,84.88333333333334,72.94434129149116,0.25848464148481276,0.0,0.9046304461004556,268.33799999999997,0.0,3.7696982887375894,-3.1336844680222615,0.43947637868612743,0.005633010171391999,0.44510938885751944,0.035261669336448594,12.62303791152132,0.0005512053514992709,-0.0021902258114366827,-3.806880939740891e-05,2965.098965974849,0.368654925749411,3.0,1.4899646080385959e-05,0.044178925186343615,2085.191228693088,140.4899525349431,sizing:main_route:cruise
34,1180.9221144926235,3048.0,86414.91916664768,3824.417783254637,6.144787783471163,84.88333333333334,72.94434129149116,0.25848464148481276,0.0,0.9046304461004556,268.33799999999997,0.0,3.7621447980879537,-3.127528267172419,0.43878846890758577,0.0056024021714516994,0.44439087107903746,0.03523449138466267,12.612382174827639,0.0005499228329173716,-0.0021891828531609998,-3.801152863697105e-05,2962.7936145643966,0.3684302661714846,3.0,1.4905528073755736e-05,0.044162003398633846,2084.276814905163,140.4899525349433,sizing:main_route:cruise
35,1321.4120670275668,3048.0,98340.17463765545,3818.2134654933147,6.144574700393726,84.88333333333334,72.94434129149116,0.25848464148481276,0.0,0.9046304461004556,268.33799999999997,0.0,3.7545940413472154,-3.1213740734697604,0.4381008100883459,0.0055718084893428,0.4436726185776887,0.035207366481816,12.601698533937151,0.0005486427559039841,-0.002188141856305898,-3.795440097554711e-05,2960.492804902606,0.3682060826056651,3.0,1.4911407418943863e-05,0.04414511437475465,2083.36591609813,140.4899525349433,sizing:main_route:cruise
36,1461.90201956251,3048.0,110265.43010866322,3812.011520470156,6.144361048558708,84.88333333333334,72.94434129149116,0.25848464148481276,0.0,0.9046304461004556,268.33799999999997,0.0,3.747046013157069,-3.1152218818505593,0.4374134017351798,0.0055412291135630565,0.44295463084874287,0.03518029456097047,12.590986982245543,0.0005473651143115527,-0.002187102818739671,-3.78974260345163e-05,2958.196531092115,0.36798237429072156,3.0,1.4917284098633028e-05,0.04412825807389179,2082.4580420003786,140.4899525349431,sizing:main_route:cruise
37,1602.3919720974532,3048.0,122190.68557967097,3805.8119435879053,6.14414682557389,84.88333333333334,72.94434129149116,0.25848464148481276,0.0,0.9046304461004556,268.33799999999997,0.0,3.7395007081646274,-3.109071687251053,0.4367262433553657,0.0055106640326974335,0.44223690738806315,0.03515327555534976,12.580247513258032,0.0005460899020063663,-0.0021860657383353404,-3.7840603436432086e-05,2955.9047872501283,0.3677591404674652,3.0,1.4923158095484608e-05,0.044111434455333456,2081.5528508028174,140.4899525349431,sizing:main_route:cruise
38,1742.8819246323962,3048.0,134115.94105067872,3799.614730255027,6.143932029033634,84.88333333333334,72.94434129149116,0.25848464148481276,0.0,0.9046304461004556,268.33799999999997,0.0,3.7319581210224095,-3.1029234846074623,0.43603933445668713,0.0054801132354176385,0.44151944769210477,0.03512630939833901,12.569480120589684,0.0005448171128686067,-0.0021850306129707433,-3.778393280502023e-05,2953.6175675083796,0.36753638037874126,3.0,1.4929029392140047e-05,0.04409464347847379,2080.6501039374566,140.4899525349431,sizing:main_route:cruise
39,1883.3718771673393,3048.0,146041.19652168648,3793.419875885691,6.143716656518793,84.88333333333334,72.94434129149116,0.25848464148481276,0.0,0.9046304461004556,268.33799999999997,0.0,3.7244182463883213,-3.0967772688559037,0.4353526745474311,0.005449576710483052,0.44080225125791417,0.035099396023484566,12.558684797965723,0.0005435467407921849,-0.00218399744052843,-3.7727413765172725e-05,2951.33486601311,0.36731409326942727,3.0,1.4934897971219661e-05,0.04407788510280905,2079.749634631606,140.4899525349433,sizing:main_route:cruise
40,2023.8618297022826,3048.0,157966.45199269426,3787.2273758997567,6.143500705596621,84.88333333333334,72.94434129149116,0.25848464148481276,0.0,0.9046304461004556,268.33799999999997,0.0,3.716881078925625,-3.090633034932337,0.4346662631363852,0.00541905444674106,0.44008531758312625,0.03507253536449349,12.547861539221854,0.0005422787796847861,-0.002182966218895707,-3.7671045942946576e-05,2949.0566769250227,0.367092278386425,3.0,1.494076381532356e-05,0.04406115928793972,2078.8513260408786,140.48995253494286,sizing:main_route:cruise
41,2164.3517822372255,3048.0,169891.707463702,3781.0372257227596,6.143284173820667,84.88333333333334,72.94434129149116,0.25848464148481276,0.0,0.9046304461004556,268.33799999999997,0.0,3.709346613302935,-3.0844907777725683,0.4339800997328374,0.005388546433126931,0.4393686461659643,0.035045727355233355,12.537010338304583,0.0005410132234678329,-0.0021819369459646254,-3.761482896555845e-05,2946.782994419262,0.3668709349786571,3.0,1.4946626907031211e-05,0.04404446599356895,2077.9550960431043,140.4899525349433,sizing:main_route:cruise
42,2304.841734772169,3048.0,181816.96293470977,3774.849420785896,6.143067058730688,84.88333333333334,72.94434129149116,0.25848464148481276,0.0,0.9046304461004556,268.33799999999997,0.0,3.701814844194186,-3.0783504923121416,0.43329418384657287,0.005358052658664882,0.43865223650523777,0.03501897192973179,12.526131189271537,0.0005397500660763652,-0.002180909619631976,-3.755876246138219e-05,2944.513812685374,0.36665006229706026,3.0,1.49524872289019e-05,0.0440278051795033,2077.060886663926,140.48995253494286,sizing:main_route:cruise
43,2445.3316873071117,3048.0,193742.21840571752,3768.6639565260098,6.142849357852545,84.88333333333334,72.94434129149116,0.25848464148481276,0.0,0.9046304461004556,268.33799999999997,0.0,3.6942857662786195,-3.0722121734863443,0.43260851498787267,0.005327573112467787,0.43793608810034046,0.034992269022176226,12.515224086291747,0.0005384893014590227,-0.002179884237799236,-3.750284605994473e-05,2942.249125927283,0.3664296595945814,3.0,1.4958344763474537e-05,0.044011176805651905,2076.1686567235147,140.4899525349433,sizing:main_route:cruise
44,2585.821639842055,3048.0,205667.4738767253,3762.480828385577,6.142631068698109,84.88333333333334,72.94434129149116,0.25848464148481276,0.0,0.9046304461004556,268.33799999999997,0.0,3.686759374240763,-3.0660758162301125,0.4319230926675123,0.005297107783738236,0.43722020045125054,0.034965618566913534,12.504289023646024,0.0005372309235780921,-0.002178860798372602,-3.744707939192181e-05,2939.9889283632447,0.36620972612617164,3.0,1.4964199493267657e-05,0.04399458083202579,2075.278376722942,140.4899525349433,sizing:main_route:cruise
45,2726.3115923769983,3048.0,217592.72934773305,3756.300031812691,6.14241218876516,84.88333333333334,72.94434129149116,0.25848464148481276,0.0,0.9046304461004556,268.33799999999997,0.0,3.67923566277041,-3.0599414154780202,0.43123791639675907,0.005266656661768364,0.4365045730585274,0.03493902049844963,12.493325995727233,0.0005359749264093843,-0.0021778392992630033,-3.7391462089136434e-05,2937.7332142258315,0.3659902611487813,3.0,1.4970051400779943e-05,0.043978017218739174,2074.390025288281,140.48995253494286,sizing:main_route:cruise
46,2866.801544911941,3048.0,229517.9848187408,3750.1215622610493,6.142192715537287,84.88333333333334,72.94434129149116,0.25848464148481276,0.0,0.9046304461004556,268.33799999999997,0.0,3.6717146265625984,-3.0538089661642136,0.4305529856873709,0.005236219735940489,0.43578920542331134,0.03491247475144924,12.482334997040605,0.00053472130394218,-0.0021768197383860047,-3.733599378455337e-05,2935.481977761895,0.36577126392135473,3.0,1.4975900468489558e-05,0.043961485926007016,2073.5035866977787,140.4899525349433,sizing:main_route:cruise
47,3007.2914974468845,3048.0,241443.24028974856,3743.945415189939,6.141972646483786,84.88333333333334,72.94434129149116,0.25848464148481276,0.0,0.9046304461004556,268.33799999999997,0.0,3.6641962603175937,-3.047678463222369,0.429868300051594,0.005205796995727423,0.4350740970473214,0.03488598126073543,12.47131602220409,0.0005334700501792115,-0.0021758021136619337,-3.7280674112276364e-05,2933.2352132325245,0.3655527337048252,3.0,1.4981746678855191e-05,0.04394498691414747,2072.619049162219,140.48995253494286,sizing:main_route:cruise
48,3147.7814499818273,3048.0,253368.4957607563,3737.771586064222,6.141751979059558,84.88333333333334,72.94434129149116,0.25848464148481276,0.0,0.9046304461004556,268.33799999999997,0.0,3.6566805587408755,-3.0415499015856584,0.42918385900216205,0.005175388430692783,0.4343592474328548,0.034859539961289404,12.46026906594864,0.0005322211591366078,-0.0021747864230157385,-3.722550270754535e-05,2930.992914913031,0.3653346697621101,3.0,1.498759001431504e-05,0.043928520143578675,2071.736403629209,140.48995253494377,sizing:main_route:cruise
49,3288.271402516771,3048.0,265293.7512317641,3731.60007035432,6.141530710705017,84.88333333333334,72.94434129149116,0.25848464148481276,0.0,0.9046304461004556,268.33799999999997,0.0,3.6491675165430943,-3.035423276186637,0.4284996620522925,0.005144994030492005,0.4336446560827845,0.03483315078825007,12.449194123118534,0.0005309746248439762,-0.0021737726643770686,-3.717047920673075e-05,2928.7550770929042,0.36511707135810484,3.0,1.4993430457287735e-05,0.04391208557482084,2070.8556429514897,140.4899525349433,sizing:main_route:cruise
50,3428.7613550517144,3048.0,277219.0067027719,3725.430863536203,6.141308838845967,84.88333333333334,72.94434129149116,0.25848464148481276,0.0,0.9046304461004556,268.33799999999997,0.0,3.6416571284400834,-3.0292985819572915,0.4278157087156869,0.005114613784871699,0.43293032250055863,0.0348068136769138,12.438091188671685,0.0005297304413441245,-0.0021727608356801827,-3.711560324733278e-05,2926.5216940757905,0.36489993775967927,3.0,1.4999267990171976e-05,0.04389568316849487,2069.976761308834,140.48995253494286,sizing:main_route:cruise
51,3569.2513075866573,3048.0,289144.2621737796,3719.2639610913725,6.1410863608935164,84.88333333333334,72.94434129149116,0.25848464148481276,0.0,0.9046304461004556,268.33799999999997,0.0,3.6341493891528174,-3.0231758138289133,0.4271319985065275,0.005084247683670967,0.4322162461901985,0.034780528562733955,12.426960257679987,0.0005284886026932072,-0.002171750934864069,-3.7060874467976784e-05,2924.2927601794518,0.3646832682356712,3.0,1.5005102595346956e-05,0.043879312885323006,2069.099753805829,140.48995253494377,sizing:main_route:cruise
52,3709.741260121601,3048.0,301069.5176447874,3713.0993585068472,6.140863274243961,84.88333333333334,72.94434129149116,0.25848464148481276,0.0,0.9046304461004556,268.33799999999997,0.0,3.6266442934074,-3.0170549667320783,0.42644853093947604,0.005053895716821397,0.43150242665629746,0.03475429538132073,12.415801325329575,0.0005272491029606264,-0.0021707429598722965,-3.700629250840865e-05,2922.068269735746,0.3644670620568818,3.0,1.5010934255171796e-05,0.04386297468612689,2068.2246161921967,140.4899525349424,sizing:main_route:cruise
53,3850.2312126565434,3048.0,312994.7731157951,3706.937051275152,6.140639576278683,84.88333333333334,72.94434129149116,0.25848464148481276,0.0,0.9046304461004556,268.33799999999997,0.0,3.619141835935044,-3.0109360355966057,0.42576530552967196,0.0050235578743474535,0.4307888634040194,0.0347281140684407,12.404614386921182,0.0005260119362289775,-0.002169736908653086,-3.6951857009492986e-05,2919.848217090584,0.3642513184960711,3.0,1.5016762951986505e-05,0.04384666853182973,2067.3513446685215,140.48995253494377,sizing:main_route:cruise
54,3990.721165191487,3048.0,324920.0285868029,3700.7770348943,6.140415264364042,84.88333333333334,72.94434129149116,0.25848464148481276,0.0,0.9046304461004556,268.33799999999997,0.0,3.6116420114720476,-3.0048190153514827,0.4250823217927302,0.004993234146367147,0.43007555593909735,0.03470198456001652,12.393399437870439,0.0005247770965940317,-0.002168732779159303,-3.689756761320903e-05,2917.632596603909,0.36403603682795244,3.0,1.5022588668111423e-05,0.04383039438345439,2066.4799357507545,140.4899525349433,sizing:main_route:cruise
55,4131.2111177264305,3048.0,336845.28405781067,3694.6193048677806,6.140190335851269,84.88333333333334,72.94434129149116,0.25848464148481276,0.0,0.9046304461004556,268.33799999999997,0.0,3.604144814759781,-2.998703900924833,0.42439957924473964,0.0049629245230922645,0.4293625037678319,0.03467590679212658,12.38215647370819,0.0005235445781646792,-0.0021677305693484266,-3.684342396264733e-05,2915.4214026496597,0.3638212163291868,3.0,1.5028411385847175e-05,0.04381415220212269,2065.6103861764195,140.48995253494286,sizing:main_route:cruise
56,4271.701070261373,3048.0,348770.5395288184,3688.463856704546,6.139964788076356,84.88333333333334,72.94434129149116,0.25848464148481276,0.0,0.9046304461004556,268.33799999999997,0.0,3.596650240544664,-2.9925906872438626,0.42371707740226155,0.004932628994828818,0.4286497063970904,0.03464988070100474,12.370885490080802,0.0005223143750629156,-0.0021667302771825373,-3.678942570200618e-05,2913.214629615743,0.3636068562783801,3.0,1.5034231087475272e-05,0.043797941949056764,2064.742692839112,140.48995253494377,sizing:main_route:cruise
57,4412.191022796317,3048.0,360695.7949998262,3682.3106859189943,6.139738618359947,84.88333333333334,72.94434129149116,0.25848464148481276,0.0,0.9046304461004556,268.33799999999997,0.0,3.5891582835781435,-2.986479369234804,0.42303481578232693,0.004902347551977521,0.4279371633343044,0.034623906223039944,12.359586482750471,0.0005210864814237625,-0.0021657319006283386,-3.6735572476587985e-05,2911.0122719040005,0.3633929559560752,3.0,1.5040047755258105e-05,0.04378176358557856,2063.8768527429497,140.48995253494286,sizing:main_route:cruise
58,4552.68097533126,3048.0,372621.05047083396,3676.1597880309605,6.139511824007228,84.88333333333334,72.94434129149116,0.25848464148481276,0.0,0.9046304461004556,268.33799999999997,0.0,3.581668938616674,-2.9803699418228486,0.4223527939024353,0.0048720801850344955,0.4272248740874698,0.03459798329477593,12.348259447595547,0.0005198608913952345,-0.002164735437657085,-3.668186393279721e-05,2908.8143239301808,0.36317951464474907,3.0,1.504586137143855e-05,0.04376561707310825,2063.012862971096,140.48995253494286,sizing:main_route:cruise
59,4693.170927866203,3048.0,384546.3059418417,3670.011158565697,6.139284402307811,84.88333333333334,72.94434129149116,0.25848464148481276,0.0,0.9046304461004556,268.33799999999997,0.0,3.5741822004217054,-2.9742623999321496,0.42167101128055307,0.004841826884590929,0.426512838165144,0.03457211185291088,12.336904380610834,0.000518637599138343,-0.002163740886244669,-3.6628299718135045e-05,2906.6207801239098,0.36296653162880727,3.0,1.5051671918240494e-05,0.04374950237316533,2062.1507206636506,140.48995253494377,sizing:main_route:cruise
60,4833.660880401147,3048.0,396471.56141284946,3663.8647930538637,6.139056350535627,95.78318698583527,82.31111111111112,0.2916766080695827,-0.02006471530658228,0.9046304461004556,268.33799999999997,-2.431741686655203,2.592211527958643,-2.0344298568559207,0.3320961274911682,0.0029075470699169437,0.33500367456108515,0.03238186278820502,10.345410847800549,0.00020683275812392285,-0.0011924983312334284,-9.603266844595024e-06,1865.023774782404,0.2886933297433385,2.0,2.0391572519884103e-05,0.038030767554783386,441.679608023238,39.4736842105267,sizing:main_route:descent
61,4873.134564611673,2887.578947368421,400233.5201312773,3662.363578545122,6.139000541373216,94.99594664282569,82.31111111111112,0.28871889945317303,-0.019822774304525847,0.9196860875874883,269.38073684210525,-2.4519060185888093,2.5907846560311474,-2.0332689252717717,0.33196497569503514,0.0029017359941837587,0.3348667116892189,0.032370042521661924,10.344957423677377,0.00020538644616149938,-0.0012002742610698817,-9.47847964520032e-06,1852.6626899479484,0.2859719238635698,2.0,2.065113875276453e-05,0.03825959427218505,435.0398753021978,39.47368421052579,sizing:main_route:descent
62,4912.608248822199,2727.157894736842,403964.5622631628,3660.853331402799,6.138944353201497,94.21818065722265,82.31111111111112,0.28580243670620215,-0.019584668510066294,0.9349326766226576,270.4234736842105,-2.4721588883824843,2.589349037991279,-2.032100861383539,0.33183301676790267,0.002895889537839612,0.33472890630574226,0.03235767562323824,10.344652384899696,0.0002039280421363634,-0.001208573575693551,-9.353340314732729e-06,1840.1874528862138,0.2832973214319203,2.0,2.0919444252937467e-05,0.03849569883560814,428.4691151126434,39.4736842105267,sizing:main_route:descent
63,4952.081933032726,2566.7368421052633,407665.05871350924,3659.333764343499,6.138887774491443,93.44973912998653,82.31111111111112,0.28292648891482003,-0.019350322689542544,0.9503718846456166,271.46621052631576,-2.492500346227337,2.5879043876475634,-2.030925430103296,0.3317002247678514,0.002890006568126463,0.3345902313359779,0.03234476255991715,10.344494899789886,0.00020245761950088943,-0.0012173950385864169,-9.227877414238074e-06,1827.598663317866,0.2806688995686837,2.0,2.1196740713447092e-05,0.0387391349945913,421.966451754337,39.47368421052579,sizing:main_route:descent
64,4991.555617243252,2406.315789473684,411335.3745281036,3657.804587962133,6.138830793594906,92.69047509699291,82.31111111111112,0.28009034085626466,-0.019119663366196596,0.9660053912097353,272.50894736842105,-2.5129304422555103,2.5864504168842113,-2.0297423947794653,0.33156657357564273,0.0028840859444198633,0.3344506595200626,0.03233130357070206,10.344484217553624,0.00020097524931230446,-0.0012267376372470727,-9.102119328337102e-06,1814.896895561201,0.27808605086902516,2.0,2.1483291843323302e-05,0.03898995967288273,415.53101906537665,39.4736842105267,sizing:main_route:descent
65,5031.029301453778,2245.894736842105,414975.8690080186,3656.2655106066245,6.138773398738986,91.94024446062438,82.31111111111112,0.27729329260366337,-0.018892618772631212,0.9818348839900933,273.5516842105263,-2.5334492265420527,2.584986835535781,-2.028551517093415,0.33143203688342177,0.0028781265177393635,0.33431016340116115,0.032317298670878424,10.344619666569248,0.00019948100032912705,-0.001236600578612855,-8.976094278261015e-06,1802.0826993141138,0.27554818359436023,2.0,2.1779373946087412e-05,0.03924823299013669,409.16196041882387,39.47368421052579,sizing:main_route:descent
66,5070.502985664304,2085.4736842105262,418586.89582145,3654.716238251751,6.138715578020311,91.19890592321,82.31111111111112,0.274534659142247,-0.018669118804729087,0.9978620587914506,274.59442105263156,-2.554056749106782,2.58351335126117,-2.027352556955568,0.3312965881833573,0.002872127130255444,0.3341687153136127,0.032302747656050866,10.34490065277828,0.0001979749391052048,-0.0012469832847064818,-8.849830334563814e-06,1789.1566004095966,0.27305472186733304,2.0,2.208527653654921e-05,0.03951401828723822,402.8584287184388,39.4736842105267,sizing:main_route:descent
67,5109.976669874831,1925.0526315789473,422168.8031129631,3653.1564743719914,6.138657319399235,90.46632092225562,82.31111111111112,0.2718137699966042,-0.01844909497698328,1.0140886195561971,275.63715789473684,-2.574753059916147,2.58202966941681,-2.026145272400806,0.3311602007562055,0.0028660866147939418,0.33402628737099943,0.032287650105960866,10.345326658174244,0.00019645713008084348,-0.0012578853885015652,-8.72335542952424e-06,1776.1191015456573,0.27060510587231895,2.0,2.240130299863885e-05,0.03978738215539447,396.6195863922357,39.4736842105267,sizing:main_route:descent
68,5149.4503540853575,1764.6315789473683,425721.93361021584,3651.5859198132257,6.138598610693931,89.74235356741069,82.31111111111112,0.26912996886861934,-0.018232480379190282,1.0305162783722772,276.6798947368421,-2.595538208885071,2.580535492928896,-2.0249294194831644,0.33102284765978485,0.0028600037943354306,0.3338828514541203,0.03227200538809,10.345897239386925,0.0001949276356715283,-0.0012693067300016453,-8.596697369243836e-06,1762.9706829905647,0.2681987920634133,2.0,2.2727771287253186e-05,0.04006839446914209,390.4446053838557,39.47368421052579,sizing:main_route:descent
69,5188.924038295883,1604.2105263157894,429246.6247282274,3650.004272663128,6.138539439574394,89.02687057911805,82.31111111111112,0.26648261328574574,-0.018019209634459563,1.047146755481095,277.72263157894736,-2.6164122458788075,2.5790305221645387,-2.0237047521695763,0.33088450171734896,0.0028538774815113563,0.3337383791988603,0.03225581266105346,10.346612026359672,0.00019338651635409488,-0.0012812473525276623,-8.469883845450387e-06,1749.7118032641908,0.265835253381914,2.0,2.306501467736265e-05,0.04035712842344323,384.3326671409779,39.4736842105267,sizing:main_route:descent
70,5228.39772250641,1443.7894736842104,432743.208671257,3648.4112281200973,6.138479793556326,88.31974122889633,82.31111111111112,0.2638710742592868,-0.017809218858494617,1.0639817792853938,278.7653684210526,-2.6373752207147745,2.5775144548016167,-2.02247102223262,0.33074513550584067,0.0028477064780940003,0.3335928419839347,0.03223907087778804,10.347470721117224,0.00019183383075086104,-0.0012937074992092998,-8.342942447016907e-06,1736.3428997963158,0.2635139794853713,2.0,2.34133825639037e-05,0.04065366057504905,378.28296260044806,39.47368421052579,sizing:main_route:descent
71,5267.871406716936,1283.3684210526314,436212.01253235736,3646.806478360556,6.138419659994897,87.6208372812051,82.31111111111112,0.2612947359523595,-0.01760244562010245,1.0810230863571166,279.80810526315787,-2.658427183164387,2.575986985697226,-2.021227979142096,0.33060472134401475,0.0028414895744809897,0.33344621091849574,0.0322217787885384,10.34847309662202,0.00019026963571110766,-0.0013066876096759286,-8.21590067120483e-06,1722.8643895625726,0.26123447699033864,2.0,2.3773241316303336e-05,0.040958070888336674,372.2946921701708,39.4736842105267,sizing:main_route:descent
72,5307.3450909274625,1122.9473684210525,439653.3583906625,3645.1897124044376,6.138359026078387,86.93003293684532,82.31111111111112,0.25875299535723384,-0.017398828902890063,1.098272421445244,280.85084210526315,-2.6795681829548887,2.5744478067544923,-2.019975369955286,0.3304632312804113,0.002835225549173207,0.3332984568295845,0.03220393494364501,10.34961899571705,0.0001886939863907656,-0.0013201883169433198,-8.088785934636876e-06,1709.2766696987844,0.258996269731062,2.0,2.4144975191825365e-05,0.04127044278584303,366.36706570708185,39.47368421052579,sizing:main_route:descent
73,5346.818775137988,962.5263157894733,443067.563406472,3643.5606159786807,6.1382978788216915,86.24720477784909,82.31111111111112,0.25624526198174846,-0.017198309068108077,1.1157315374836072,281.8935789473684,-2.7007982697711745,2.572896606787629,-2.0187129392057495,0.3303206370811658,0.002828913168245798,0.3331495502494116,0.03218553769613693,10.350908330153448,0.00018710693632985304,-0.001334210444492657,-7.96162558401049e-06,1695.580118094323,0.25679889903642755,2.0,2.4528987312308708e-05,0.04159086320373855,360.4993024916214,39.4736842105267,sizing:main_route:descent
74,5386.292459348515,802.1052631578946,446454.93991418724,3641.918871378533,6.138236205059673,85.57223171381405,82.31111111111112,0.253770957544516,-0.017000827818602918,1.1334021955986842,282.93631578947367,-2.7221174932576027,2.5713330713849776,-2.017440428790502,0.3301769102176357,0.002822551184810812,0.3329994614024465,0.032166585204131716,10.352341079701354,0.00018550853752808053,-0.0013487550035388757,-7.834446906558487e-06,1681.7750939651494,0.2546419240276416,2.0,2.4925700709288593e-05,0.041919422652511015,354.6906311980935,39.4736842105267,sizing:main_route:descent
75,5425.766143559042,641.6842105263158,449815.79551315797,3640.26415732646,6.138173991440362,84.90499492963934,82.31111111111112,0.2513295156786388,-0.016806328163840676,1.1512861651173723,283.97905263157895,-2.7435259030198127,2.5697568827698904,-2.016157577855428,0.33003202185382713,0.002816138338471094,0.33284816019229824,0.03214707543304477,10.353917291342634,0.0001838988405183406,-0.0013638231904857074,-7.70727714026379e-06,1667.8619384070628,0.2525249219392123,2.0,2.5335559442956428e-05,0.04225621528315667,348.9402898613382,39.47368421052579,sizing:main_route:descent
76,5465.2398277695675,481.26315789473665,453150.43315649184,3638.596148828441,6.138111224417991,84.24537783462179,82.31111111111112,0.24892038164366936,-0.01661475438596692,1.1693852235747375,285.0217894736842,-2.765023548626532,2.568167719659206,-2.014864122678694,0.32988594283360245,0.002809673354765063,0.3326956161883675,0.03212700615760963,10.35563707854443,0.00018227789443862614,-0.0013794163845653282,-7.580143483835442e-06,1653.8409749297223,0.2504474884660074,2.0,2.5759029800924117e-05,0.042601338959204114,343.24752583942967,39.4736842105267,sizing:main_route:descent
77,5504.713511980094,320.84210526315746,456459.1512378808,3636.9145170274196,6.138047890245846,83.59326601287196,82.31111111111112,0.24654301204555482,-0.01642605200686822,1.1877011567217455,286.06452631578946,-2.786610479611374,2.5665652571191027,-2.0135597965520655,0.32973864366764666,0.0028031549446001815,0.33254179861224686,0.03210637496371034,10.35750062061248,0.0001806457471019199,-0.0013955361456609685,-7.453073106453253e-06,1639.7125099719347,0.24840923813931562,2.0,2.619660158332483e-05,0.042954895334928314,337.6115957724315,39.47368421052579,sizing:main_route:descent
78,5544.18719619062,160.42105263157873,459742.2436764961,3635.2189290536726,6.137983974968933,82.94854717501099,82.31111111111112,0.2441968745643175,-0.016240167756202125,1.2062357585329706,287.1072631578947,-2.8082867454746414,2.5649491664181094,-2.0122443296598416,0.3295900945201745,0.002796581803675858,0.3323866763238504,0.03208517925002646,10.359508162123676,0.00017900244506461737,-0.0014121842123113498,-7.326093157287519e-06,1625.4768333986049,0.24640980473505789,2.0,2.664878948141143e-05,0.0433169899401507,332.0317655375244,39.4736842105267,sizing:main_route:descent
79,5583.660880401147,0.0,463000.0,3633.5090478718244,6.137919464416441,82.31111111111112,82.31111111111112,0.24188144768923026,-0.01605704954036397,1.2249908312142817,288.15,-2.8300523956851134,2.5633191148769736,-2.0109174489552464,0.3294402651953492,0.0027899526118934995,0.3322302178072427,0.03206341622949058,10.361660012437207,0.00017734803369313376,-0.0014293624998963105,-7.199230774798048e-06,1611.134218979782,0.24444884171753573,2.0,2.711613455750463e-05,0.0436877322720559,326.5073102001573,39.4736842105267,sizing:main_route:descent
80,5853.660880401147,3048.0,480968.31110500713,3631.784532124243,6.1378543441939755,66.54930038891527,57.18902274037699,0.20265429474290836,0.0,0.9046304461004556,268.33799999999997,0.0,6.352889171353771,-5.646827630027497,0.6748527210998854,0.010123336460088284,0.6849760575599737,0.046413797755448426,14.75802650688212,0.001110380450769596,-0.003420175313492504,-6.504620493062931e-05,2406.565785762979,0.2551174740990129,2.0,1.5039412612274186e-05,0.03619333583067128,2687.554112521997,270.0,sizing:main_route:reserve
81,6123.660880401147,3048.0,498936.62221001426,3622.012331449962,6.137484236561475,66.54930038891527,57.18902274037699,0.20265429474290836,0.0,0.9046304461004556,268.33799999999997,0.0,6.333680049329788,-5.631171411588362,0.6731011650073289,0.010045505444950989,0.6831466704522798,0.046306429477934674,14.75273905058484,0.001104971594417971,-0.0034165511323725065,-6.47542084668554e-05,2400.927200735771,0.25468134703707146,2.0,1.5059198691061902e-05,0.036156039758655036,2684.2488326786684,270.0,sizing:main_route:reserve
82,6393.660880401147,3048.0,516904.9333150214,3612.250200715125,6.1371126412496855,66.54930038891527,57.18902274037699,0.20265429474290836,0.0,0.9046304461004556,268.33799999999997,0.0,6.314489269516709,-5.615529037552756,0.6713513010614056,0.009967764947838062,0.6813190660092436,0.04619944624764672,14.747342692315241,0.0010995875414012443,-0.0034129386141718405,-6.446387828995629e-05,2395.30920770443,0.25424701335069105,2.0,1.5079003737992477e-05,0.0361188764966229,2680.971945385136,270.0,sizing:main_route:reserve
83,6663.660880401147,3048.0,534873.2444200285,3602.498104061037,6.136739548492107,66.54930038891527,57.18902274037699,0.20265429474290836,0.0,0.9046304461004556,268.33799999999997,0.0,6.295316768077353,-5.599900451883093,0.6696031233349762,0.009890114768835945,0.6794932381038121,0.04609284687874101,14.74183705535465,0.0010942281675060514,-0.0034093377327552997,-6.4175204729867e-05,2389.7117404152086,0.2538144659377296,2.0,1.5098827620085364e-05,0.036081845630223416,2677.714624600405,270.0,sizing:main_route:reserve
84,6933.660880401147,3048.0,552841.5555250356,3592.756005740877,6.136364948436962,66.54930038891527,57.18902274037699,0.20265429474290836,0.0,0.9046304461004556,268.33799999999997,0.0,6.276162481345086,-5.5842855986311655,0.6678566259170443,0.009812554709449473,0.6776691806264938,0.04598663019101098,14.736221762971406,0.0010888933491591728,-0.003405748462081148,-6.388817817866848e-05,2384.1347329419664,0.25338369773543207,2.0,1.5118670203158517e-05,0.036044946747244996,2674.4732217547416,270.0,sizing:main_route:reserve
85,7203.660880401147,3048.0,570809.8666300428,3583.0238701191206,6.13598883114627,66.54930038891527,57.18902274037699,0.20265429474290836,0.0,0.9046304461004556,268.33799999999997,0.0,6.257026345822886,-5.568684421936861,0.6661118029126676,0.009735084572605704,0.6758468874852733,0.04588079500985897,14.730496438434551,0.0010835829634234773,-0.003402170776200864,-6.36027890901597e-05,2378.578119684453,0.2529547017201852,2.0,1.5138531351823221e-05,0.03600817943760382,2671.246212082621,270.0,sizing:main_route:reserve
86,7473.660880401147,3048.0,588778.1777350499,3573.3016616709674,6.135611186594891,66.54930038891527,57.18902274037699,0.20265429474290836,0.0,0.9046304461004556,268.33799999999997,0.0,6.237908298182418,-5.5530968660269755,0.6643686484428702,0.009657704162656475,0.6740263526055267,0.04577534016626849,14.724660705027633,0.0010782968879939586,-0.003398604649258882,-6.331902797943858e-05,2373.041835366583,0.2524980305886891,2.0,1.5158410929479036e-05,0.035971543293331805,2665.6825508095776,270.0,sizing:main_route:reserve
87,7743.660880401147,3048.0,606746.488840057,3563.5893449817677,6.135232004669573,66.54930038891527,57.18902274037699,0.20265429474290836,0.0,0.9046304461004556,268.33799999999997,0.0,6.2188082752630995,-5.5375228752139165,0.662627156644553,0.009580413285382533,0.6722075699299355,0.045670264496776525,14.718714186062593,0.001073035001193849,-0.0033950500554922485,-6.303688542248049e-05,2367.5258150347413,0.2520338964158022,2.0,1.5178308798308461e-05,0.03593503790856423,2659.3964194089517,270.0,sizing:main_route:reserve
88,8013.660880401147,3048.0,624714.7999450641,3553.8868847464555,6.134851275167978,66.54930038891527,57.18902274037699,0.20265429474290836,0.0,0.9046304461004556,268.33799999999997,0.0,6.199726214071186,-5.521962393894517,0.6608873216704076,0.00950321174799619,0.6703905334184038,0.0455655668434461,14.712656504893873,0.0010677971819706422,-0.00339150696923055,-6.275635205572276e-05,2362.0299940560867,0.2515716376865852,2.0,1.519822481927219e-05,0.03589866287952856,2653.13380224389,270.0,sizing:main_route:reserve
89,8283.660880401147,3048.0,642683.1110500712,3544.194245768983,6.13446898779769,66.54930038891527,57.18902274037699,0.20265429474290836,0.0,0.9046304461004556,268.33799999999997,0.0,6.180662051778851,-5.506415366548766,0.6591491376888281,0.009426099359145346,0.6685752370479734,0.04546124605383897,14.70648728493256,0.0010625833098922217,-0.0033879753648954633,-6.247741857565185e-05,2356.5543081168757,0.2511112471851382,2.0,1.5218158852104179e-05,0.03586241780453307,2646.894581901268,270.0,sizing:main_route:reserve
